銘柄,社名,業種
1301,極洋,水産・農林業
1332,ニッスイ,水産・農林業
1333,マルハニチロ,水産・農林業
1375,雪国まいたけ,水産・農林業
1377,サカタのタネ,水産・農林業
1379,ホクト,水産・農林業
1414,ショーボンドホールディングス,建設業
1417,ミライト・ワン,建設業
1419,タマホーム,建設業
1429,日本アクア,建設業
1433,ベステラ,建設業
1515,日鉄鉱業,鉱業
1518,三井松島ホールディングス,鉱業
1605,INPEX,鉱業
1662,石油資源開発,鉱業
1663,K&Oエナジーグループ,鉱業
1719,安藤・間,建設業
1720,東急建設,建設業
1721,コムシスホールディングス,建設業
1726,ビーアールホールディングス,建設業
1762,高松コンストラクショングループ,建設業
1766,東建コーポレーション,建設業
1780,ヤマウラ,建設業
1786,オリエンタル白石,建設業
1801,大成建設,建設業
1802,大林組,建設業
1803,清水建設,建設業
1808,長谷工コーポレーション,建設業
1812,鹿島建設,建設業
1813,不動テトラ,建設業
1814,大末建設,建設業
1815,鉄建建設,建設業
1820,西松建設,建設業
1821,三井住友建設,建設業
1833,奥村組,建設業
1835,東鉄工業,建設業
1852,淺沼組,建設業
1860,戸田建設,建設業
1861,熊谷組,建設業
1870,矢作建設工業,建設業
1871,ピーエス・コンストラクション,建設業
1873,日本ハウスホールディングス,建設業
1878,大東建託,不動産業
1879,新日本建設,建設業
1882,東亜道路工業,建設業
1884,日本道路,建設業
1885,東亜建設工業,建設業
1887,日本国土開発,建設業
1888,若築建設,建設業
1890,東洋建設,建設業
1893,五洋建設,建設業
1898,世紀東急工業,建設業
1899,福田組,建設業
1911,住友林業,建設業
1925,大和ハウス工業,建設業
1926,ライト工業,建設業
1928,積水ハウス,建設業
1929,日特建設,建設業
1930,北陸電気工事,建設業
1934,ユアテック,建設業
1938,日本リーテック,建設業
1939,四電工,建設業
1941,中電工,建設業
1942,関電工,建設業
1944,きんでん,建設業
1945,東京エネシス,建設業
1946,トーエネック,建設業
1949,住友電設,建設業
1950,日本電設工業,建設業
1951,エクシオグループ,建設業
1952,新日本空調,建設業
1959,九電工,建設業
1961,三機工業,建設業
1963,日揮ホールディングス,建設業
1964,中外炉工業,建設業
1968,太平電業,建設業
1969,高砂熱学工業,建設業
1973,NECネッツエスアイ,情報・通信業
1975,朝日工業社,建設業
1976,明星工業,建設業
1979,大氣社,建設業
1980,ダイダン,建設業
1982,日比谷総合設備,建設業
2001,ニップン,食料品
2002,日清製粉グループ本社,食料品
2004,昭和産業,食料品
2053,中部飼料,食料品
2060,フィード・ワン,食料品
2108,日本甜菜製糖,食料品
2109,DM三井製糖ホールディングス,食料品
2117,ウェルネオシュガー,食料品
2120,LIFULL,サービス業
2121,MIXI,サービス業
2124,ジェイエイシーリクルートメント,サービス業
2127,日本M&Aセンターホールディングス,サービス業
2130,メンバーズ,サービス業
2146,UTグループ,サービス業
2148,アイティメディア,サービス業
2150,ケアネット,サービス業
2153,E・Jホールディングス,サービス業
2154,オープンアップグループ,サービス業
2157,コシダカホールディングス,サービス業
2163,アルトナー,サービス業
2168,パソナグループ,サービス業
2170,リンクアンドモチベーション,サービス業
2175,エス・エム・エス,サービス業
2181,パーソルホールディングス,サービス業
2198,アイ・ケイ・ケイホールディングス,サービス業
2201,森永製菓,食料品
2206,江崎グリコ,食料品
2207,名糖産業,食料品
2209,井村屋グループ,食料品
2211,不二家,食料品
2212,山崎製パン,食料品
2217,モロゾフ,食料品
2220,亀田製菓,食料品
2222,寿スピリッツ,食料品
2229,カルビー,食料品
2264,森永乳業,食料品
2266,六甲バター,食料品
2267,ヤクルト本社,食料品
2269,明治ホールディングス,食料品
2270,雪印メグミルク,食料品
2281,プリマハム,食料品
2282,日本ハム,食料品
2288,丸大食品,食料品
2292,エスフーズ,食料品
2294,柿安本店,食料品
2296,伊藤ハム米久ホールディングス,食料品
2301,学情,サービス業
2305,スタジオアリス,サービス業
2307,クロスキャット,情報・通信業
2317,システナ,情報・通信業
2325,NJS,サービス業
2326,デジタルアーツ,情報・通信業
2327,日鉄ソリューションズ,情報・通信業
2331,綜合警備保障,サービス業
2335,キューブシステム,情報・通信業
2337,いちご,不動産業
2353,日本駐車場開発,不動産業
2359,コア,情報・通信業
2371,カカクコム,サービス業
2372,アイロムグループ,サービス業
2374,セントケア・ホールディング,サービス業
2378,ルネサンス,サービス業
2379,ディップ,サービス業
2384,SBSホールディングス,陸運業
2389,デジタルホールディングス,サービス業
2395,新日本科学,サービス業
2410,キャリアデザインセンター,サービス業
2413,エムスリー,サービス業
2429,ワールドホールディングス,サービス業
2432,ディー・エヌ・エー,サービス業
2433,博報堂DYホールディングス,サービス業
2440,ぐるなび,サービス業
2445,タカミヤ,サービス業
2461,ファンコミュニケーションズ,サービス業
2462,ライク,サービス業
2471,エスプール,サービス業
2475,WDBホールディングス,サービス業
2489,アドウェイズ,サービス業
2491,バリューコマース,サービス業
2492,インフォマート,サービス業
2501,サッポロホールディングス,食料品
2502,アサヒグループホールディングス,食料品
2503,キリンホールディングス,食料品
2531,宝ホールディングス,食料品
2533,オエノンホールディングス,食料品
2540,養命酒製造,食料品
2579,コカ・コーラボトラーズジャパンホールディングス,食料品
2585,ライフドリンク カンパニー,食料品
2587,サントリー食品インターナショナル,食料品
2590,ダイドーグループホールディングス,食料品
2593,伊藤園,食料品
2594,キーコーヒー,食料品
2602,日清オイリオグループ,食料品
2607,不二製油グループ本社,食料品
2613,J-オイルミルズ,食料品
2659,サンエー,小売業
2664,カワチ薬品,小売業
2670,エービーシー・マート,小売業
2674,ハードオフコーポレーション,小売業
2676,高千穂交易,卸売業
2678,アスクル,小売業
2681,ゲオホールディングス,小売業
2685,アダストリア,小売業
2692,伊藤忠食品,卸売業
2695,くら寿司,小売業
2715,エレマテック,卸売業
2726,パルグループホールディングス,小売業
2730,エディオン,小売業
2733,あらた,卸売業
2734,サーラコーポレーション,小売業
2737,トーメンデバイス,卸売業
2742,ハローズ,小売業
2749,JPホールディングス,サービス業
2752,フジオフードグループ本社,小売業
2753,あみやき亭,小売業
2760,東京エレクトロン デバイス,卸売業
2767,円谷フィールズホールディングス,卸売業
2768,双日,卸売業
2784,アルフレッサ ホールディングス,卸売業
2791,大黒天物産,小売業
2792,ハニーズホールディングス,小売業
2801,キッコーマン,食料品
2802,味の素,食料品
2804,ブルドックソース,食料品
2809,キユーピー,食料品
2810,ハウス食品グループ本社,食料品
2811,カゴメ,食料品
2815,アリアケジャパン,食料品
2871,ニチレイ,食料品
2874,横浜冷凍,卸売業
2875,東洋水産,食料品
2882,イートアンドホールディングス,食料品
2884,ヨシムラ・フード・ホールディングス,食料品
2897,日清食品ホールディングス,食料品
2908,フジッコ,食料品
2910,ロック・フィールド,食料品
2914,日本たばこ産業,食料品
2915,ケンコーマヨネーズ,食料品
2918,わらべや日洋ホールディングス,食料品
2922,なとり,食料品
2929,ファーマフーズ,食料品
2930,北の達人コーポレーション,化学
2931,ユーグレナ,食料品
2933,紀文食品,食料品
2935,ピックルスホールディングス,食料品
2975,スター・マイカ・ホールディングス,不動産業
2980,SREホールディングス,不動産業
2982,ADワークスグループ,不動産業
3002,グンゼ,繊維製品
3003,ヒューリック,不動産業
3028,アルペン,小売業
3031,ラクーンホールディングス,情報・通信業
3034,クオールホールディングス,小売業
3036,アルコニックス,卸売業
3038,神戸物産,卸売業
3040,ソリトンシステムズ,情報・通信業
3046,ジンズホールディングス,小売業
3048,ビックカメラ,小売業
3050,DCMホールディングス,小売業
3064,MonotaRO,小売業
3073,DDホールディングス,小売業
3076,あいホールディングス,卸売業
3086,J.フロント リテイリング,小売業
3087,ドトール・日レスホールディングス,小売業
3088,マツキヨココカラ&カンパニー,小売業
3091,ブロンコビリー,小売業
3092,ZOZO,小売業
3093,トレジャー・ファクトリー,小売業
3097,物語コーポレーション,小売業
3099,三越伊勢丹ホールディングス,小売業
3101,東洋紡,繊維製品
3103,ユニチカ,繊維製品
3104,富士紡ホールディングス,繊維製品
3105,日清紡ホールディングス,電気機器
3106,倉敷紡績,繊維製品
3107,ダイワボウホールディングス,卸売業
3109,シキボウ,繊維製品
3110,日東紡績,ガラス・土石製品
3116,トヨタ紡織,輸送用機器
3132,マクニカホールディングス,卸売業
3135,マーケットエンタープライズ,小売業
3139,ラクト・ジャパン,卸売業
3141,ウエルシアホールディングス,小売業
3148,クリエイトSDホールディングス,小売業
3150,グリムス,卸売業
3151,バイタルケーエスケー・ホールディングス,卸売業
3153,八洲電機,卸売業
3154,メディアスホールディングス,卸売業
3156,レスターホールディングス,卸売業
3167,TOKAIホールディングス,卸売業
3176,三洋貿易,卸売業
3179,シュッピン,小売業
3180,ビューティガレージ,卸売業
3182,オイシックス・ラ・大地,小売業
3183,ウイン・パートナーズ,卸売業
3186,ネクステージ,小売業
3191,ジョイフル本田,小売業
3193,エターナルホスピタリティグループ,小売業
3196,ホットランド,小売業
3197,すかいらーくホールディングス,小売業
3198,SFPホールディングス,小売業
3199,綿半ホールディングス,小売業
3201,日本毛織,繊維製品
3221,ヨシックスホールディングス,小売業
3231,野村不動産ホールディングス,不動産業
3232,三重交通グループホールディングス,不動産業
3245,ディア・ライフ,不動産業
3252,地主,不動産業
3276,JPMC,不動産業
3284,フージャースホールディングス,不動産業
3288,オープンハウスグループ,不動産業
3289,東急不動産ホールディングス,不動産業
3291,飯田グループホールディングス,不動産業
3302,帝国繊維,繊維製品
3315,日本コークス工業,石油・石炭製品
3319,ゴルフダイジェスト・オンライン,小売業
3328,BEENOS,小売業
3333,あさひ,小売業
3341,日本調剤,小売業
3349,コスモス薬品,小売業
3360,シップヘルスケアホールディングス,卸売業
3371,ソフトクリエイトホールディングス,情報・通信業
3382,セブン&アイ・ホールディングス,小売業
3387,クリエイト・レストランツ・ホールディングス,小売業
3388,明治電機工業,卸売業
3391,ツルハホールディングス,小売業
3393,スターティアホールディングス,卸売業
3395,サンマルクホールディングス,小売業
3397,トリドールホールディングス,小売業
3401,帝人,繊維製品
3402,東レ,繊維製品
3405,クラレ,化学
3407,旭化成,化学
3415,TOKYO BASE,小売業
3431,宮地エンジニアリンググループ,金属製品
3433,トーカロ,金属製品
3436,SUMCO,金属製品
3443,川田テクノロジーズ,金属製品
3445,RS Technologies,金属製品
3446,ジェイテックコーポレーション,金属製品
3457,And Doホールディングス,不動産業
3458,シーアールイー,不動産業
3465,ケイアイスター不動産,不動産業
3475,グッドコムアセット,不動産業
3480,ジェイ・エス・ビー,不動産業
3482,ロードスターキャピタル,不動産業
3484,テンポイノベーション,不動産業
3486,グローバル・リンク・マネジメント,不動産業
3498,霞ヶ関キャピタル,不動産業
3501,住江織物,繊維製品
3539,JMホールディングス,小売業
3543,コメダホールディングス,卸売業
3546,アレンザホールディングス,小売業
3548,バロックジャパンリミテッド,小売業
3549,クスリのアオキホールディングス,小売業
3561,力の源ホールディングス,小売業
3563,FOOD & LIFE COMPANIES,小売業
3569,セーレン,繊維製品
3580,小松マテーレ,繊維製品
3591,ワコールホールディングス,繊維製品
3593,ホギメディカル,繊維製品
3608,TSIホールディングス,繊維製品
3612,ワールド,繊維製品
3626,TIS,情報・通信業
3632,グリー,情報・通信業
3635,コーエーテクモホールディングス,情報・通信業
3636,三菱総合研究所,情報・通信業
3649,ファインデックス,情報・通信業
3655,ブレインパッド,情報・通信業
3656,KLab,情報・通信業
3657,ポールトゥウィンホールディングス,情報・通信業
3659,ネクソン,情報・通信業
3660,アイスタイル,情報・通信業
3661,エムアップホールディングス,情報・通信業
3662,エイチーム,情報・通信業
3663,セルシス,情報・通信業
3665,エニグモ,情報・通信業
3668,コロプラ,情報・通信業
3673,ブロードリーフ,情報・通信業
3675,クロス・マーケティンググループ,情報・通信業
3676,デジタルハーツホールディングス,情報・通信業
3678,メディアドゥ,情報・通信業
3679,じげん,情報・通信業
3681,ブイキューブ,情報・通信業
3687,フィックスターズ,情報・通信業
3688,CARTA HOLDINGS,情報・通信業
3694,オプティム,情報・通信業
3696,セレス,情報・通信業
3697,SHIFT,情報・通信業
3708,特種東海製紙,パルプ・紙
3738,ティーガイア,情報・通信業
3741,セック,情報・通信業
3762,テクマトリックス,情報・通信業
3763,プロシップ,情報・通信業
3765,ガンホー・オンライン・エンターテイメント,情報・通信業
3769,GMOペイメントゲートウェイ,情報・通信業
3771,システムリサーチ,情報・通信業
3774,インターネットイニシアティブ,情報・通信業
3778,さくらインターネット,情報・通信業
3788,GMOグローバルサイン・ホールディングス,情報・通信業
3817,SRAホールディングス,情報・通信業
3834,朝日ネット,情報・通信業
3835,eBASE,情報・通信業
3836,アバントグループ,情報・通信業
3837,アドソル日進,情報・通信業
3843,フリービット,情報・通信業
3844,コムチュア,情報・通信業
3853,アステリア,情報・通信業
3854,アイル,情報・通信業
3861,王子ホールディングス,パルプ・紙
3863,日本製紙,パルプ・紙
3864,三菱製紙,パルプ・紙
3865,北越コーポレーション,パルプ・紙
3877,中越パルプ工業,パルプ・紙
3880,大王製紙,パルプ・紙
3901,マークラインズ,情報・通信業
3902,メディカル・データ・ビジョン,情報・通信業
3903,gumi,情報・通信業
3915,テラスカイ,情報・通信業
3916,デジタル・インフォメーション・テクノロジー,情報・通信業
3921,ネオジャパン,情報・通信業
3922,PR TIMES,情報・通信業
3923,ラクス,情報・通信業
3924,ランドコンピュータ,情報・通信業
3925,ダブルスタンダード,情報・通信業
3926,オープンドア,情報・通信業
3932,アカツキ,情報・通信業
3937,Ubicomホールディングス,情報・通信業
3939,カナミックネットワーク,情報・通信業
3941,レンゴー,パルプ・紙
3946,トーモク,パルプ・紙
3950,ザ・パック,パルプ・紙
3962,チェンジホールディングス,情報・通信業
3963,シンクロ・フード,情報・通信業
3964,オークネット,情報・通信業
3968,セグエグループ,情報・通信業
3978,マクロミル,情報・通信業
3983,オロ,情報・通信業
3984,ユーザーローカル,情報・通信業
3992,ニーズウェル,情報・通信業
3993,PKSHA Technology,情報・通信業
3994,マネーフォワード,情報・通信業
4004,レゾナック・ホールディングス,化学
4005,住友化学,化学
4008,住友精化,化学
4021,日産化学,化学
4022,ラサ工業,化学
4023,クレハ,化学
4025,多木化学,化学
4027,テイカ,化学
4028,石原産業,化学
4041,日本曹達,化学
4042,東ソー,化学
4043,トクヤマ,化学
4044,セントラル硝子,化学
4045,東亞合成,化学
4046,大阪ソーダ,化学
4047,関東電化工業,化学
4053,Sun Asterisk,情報・通信業
4061,デンカ,化学
4062,イビデン,電気機器
4063,信越化学工業,化学
4064,日本カーバイド工業,化学
4071,プラスアルファ・コンサルティング,情報・通信業
4072,電算システムホールディングス,情報・通信業
4078,堺化学工業,化学
4082,第一稀元素化学工業,化学
4088,エア・ウォーター,化学
4091,日本酸素ホールディングス,化学
4092,日本化学工業,化学
4093,東邦アセチレン,化学
4095,日本パーカライジング,化学
4097,高圧ガス工業,化学
4099,四国化成工業,化学
4109,ステラ ケミファ,化学
4112,保土谷化学工業,化学
4114,日本触媒,化学
4116,大日精化工業,化学
4118,カネカ,化学
4151,協和キリン,医薬品
4180,Appier Group,情報・通信業
4182,三菱瓦斯化学,化学
4183,三井化学,化学
4186,東京応化工業,化学
4187,大阪有機化学工業,化学
4188,三菱ケミカルグループ,化学
4189,KHネオケム,化学
4194,ビジョナル,情報・通信業
4202,ダイセル,化学
4203,住友ベークライト,化学
4204,積水化学工業,化学
4205,日本ゼオン,化学
4206,アイカ工業,化学
4208,UBE,化学
4212,積水樹脂,化学
4215,タキロンシーアイ,化学
4216,旭有機材,化学
4218,ニチバン,化学
4220,リケンテクノス,化学
4221,大倉工業,化学
4228,積水化成品工業,化学
4229,群栄化学工業,化学
4246,ダイキョーニシカワ,化学
4249,森六ホールディングス,化学
4251,恵和,化学
4272,日本化薬,化学
4275,カーリット,化学
4290,プレステージ・インターナショナル,サービス業
4298,プロトコーポレーション,情報・通信業
4301,アミューズ,サービス業
4307,野村総合研究所,情報・通信業
4310,ドリームインキュベータ,サービス業
4318,クイック,サービス業
4323,日本システム技術,情報・通信業
4324,電通グループ,サービス業
4326,インテージホールディングス,情報・通信業
4331,テイクアンドギヴ・ニーズ,サービス業
4333,東邦システムサイエンス,情報・通信業
4337,ぴあ,サービス業
4343,イオンファンタジー,サービス業
4344,ソースネクスト,情報・通信業
4345,シーティーエス,サービス業
4362,日本精化,化学
4368,扶桑化学工業,化学
4369,トリケミカル研究所,化学
4373,シンプレクス・ホールディングス,情報・通信業
4384,ラクスル,情報・通信業
4385,メルカリ,情報・通信業
4390,IPS,情報・通信業
4392,FIG,情報・通信業
4396,システムサポート,情報・通信業
4401,ADEKA,化学
4403,日油,化学
4410,ハリマ化成グループ,化学
4432,ウイングアーク1st,情報・通信業
4433,ヒト・コミュニケーションズ・ホールディングス,情報・通信業
4443,Sansan,情報・通信業
4446,Link-U,情報・通信業
4449,ギフティ,情報・通信業
4452,花王,化学
4461,第一工業製薬,化学
4462,石原ケミカル,化学
4471,三洋化成工業,化学
4480,メドレー,情報・通信業
4481,ベース,情報・通信業
4483,JMDC,情報・通信業
4502,武田薬品工業,医薬品
4503,アステラス製薬,医薬品
4506,住友ファーマ,医薬品
4507,塩野義製薬,医薬品
4516,日本新薬,医薬品
4519,中外製薬,医薬品
4521,科研製薬,医薬品
4523,エーザイ,医薬品
4526,理研ビタミン,食料品
4527,ロート製薬,医薬品
4528,小野薬品工業,医薬品
4530,久光製薬,医薬品
4534,持田製薬,医薬品
4536,参天製薬,医薬品
4538,扶桑薬品工業,医薬品
4540,ツムラ,医薬品
4543,テルモ,精密機器
4544,H.U.グループホールディングス,サービス業
4547,キッセイ薬品工業,医薬品
4548,生化学工業,医薬品
4549,栄研化学,医薬品
4551,鳥居薬品,医薬品
4552,JCRファーマ,医薬品
4553,東和薬品,医薬品
4554,富士製薬工業,医薬品
4559,ゼリア新薬工業,医薬品
4565,ネクセラファーマ,医薬品
4568,第一三共,医薬品
4569,杏林製薬,医薬品
4574,大幸薬品,医薬品
4577,ダイト,医薬品
4578,大塚ホールディングス,医薬品
4587,ペプチドリーム,医薬品
4611,大日本塗料,化学
4612,日本ペイントホールディングス,化学
4613,関西ペイント,化学
4617,中国塗料,化学
4626,太陽ホールディングス,化学
4631,DIC,化学
4633,サカタインクス,化学
4634,artience,化学
4641,アルプス技研,サービス業
4658,日本空調サービス,サービス業
4661,オリエンタルランド,サービス業
4662,フォーカスシステムズ,情報・通信業
4665,ダスキン,サービス業
4666,パーク24,不動産業
4668,明光ネットワークジャパン,サービス業
4674,クレスコ,情報・通信業
4676,フジ・メディア・ホールディングス,情報・通信業
4680,ラウンドワン,サービス業
4681,リゾートトラスト,サービス業
4684,オービック,情報・通信業
4686,ジャストシステム,情報・通信業
4687,TDCソフト,情報・通信業
4689,LINEヤフー,情報・通信業
4694,ビー・エム・エル,サービス業
4704,トレンドマイクロ,情報・通信業
4709,IDホールディングス,情報・通信業
4714,リソー教育,サービス業
4718,早稲田アカデミー,サービス業
4719,アルファシステムズ,情報・通信業
4722,フューチャー,情報・通信業
4725,CAC Holdings,情報・通信業
4732,ユー・エス・エス,サービス業
4733,オービックビジネスコンサルタント,情報・通信業
4743,アイティフォー,情報・通信業
4751,サイバーエージェント,サービス業
4755,楽天グループ,サービス業
4763,クリーク・アンド・リバー社,サービス業
4765,SBIグローバルアセットマネジメント,サービス業
4768,大塚商会,情報・通信業
4776,サイボウズ,情報・通信業
4792,山田コンサルティンググループ,サービス業
4801,セントラルスポーツ,サービス業
4809,パラカ,不動産業
4812,電通国際情報サービス,情報・通信業
4813,ACCESS,情報・通信業
4819,デジタルガレージ,情報・通信業
4820,イーエムシステムズ,情報・通信業
4825,ウェザーニューズ,情報・通信業
4826,CIJ,情報・通信業
4828,ビジネスエンジニアリング,情報・通信業
4839,WOWOW,情報・通信業
4845,スカラ,情報・通信業
4847,インテリジェント ウェイブ,情報・通信業
4848,フルキャストホールディングス,サービス業
4849,エン・ジャパン,サービス業
4880,セルソース,医薬品
4886,あすか製薬ホールディングス,医薬品
4887,サワイグループホールディングス,医薬品
4901,富士フイルムホールディングス,化学
4902,コニカミノルタ,電気機器
4911,資生堂,化学
4912,ライオン,化学
4914,高砂香料工業,化学
4917,マンダム,化学
4919,ミルボン,化学
4921,ファンケル,化学
4922,コーセー,化学
4923,コタ,化学
4927,ポーラ・オルビスホールディングス,化学
4928,ノエビアホールディングス,化学
4931,新日本製薬,化学
4933,I-ne,化学
4936,アクシージア,化学
4951,エステー,化学
4956,コニシ,化学
4958,長谷川香料,化学
4967,小林製薬,化学
4968,荒川化学工業,化学
4971,メック,化学
4973,日本高純度化学,化学
4974,タカラバイオ,化学
4975,JCU,化学
4980,デクセリアルズ,化学
4985,アース製薬,化学
4996,クミアイ化学工業,化学
4997,日本農薬,化学
5011,ニチレキ,石油・石炭製品
5017,富士石油,石油・石炭製品
5019,出光興産,石油・石炭製品
5020,ENEOSホールディングス,石油・石炭製品
5021,コスモエネルギーホールディングス,石油・石炭製品
5032,ANYCOLOR,情報・通信業
5074,テスホールディングス,建設業
5076,インフロニア・ホールディングス,建設業
5101,横浜ゴム,ゴム製品
5105,TOYO TIRE,ゴム製品
5108,ブリヂストン,ゴム製品
5110,住友ゴム工業,ゴム製品
5121,藤倉コンポジット,ゴム製品
5122,オカモト,ゴム製品
5142,アキレス,化学
5185,フコク,ゴム製品
5186,ニッタ,ゴム製品
5191,住友理工,ゴム製品
5192,三ツ星ベルト,ゴム製品
5195,バンドー化学,ゴム製品
5201,AGC,ガラス・土石製品
5202,日本板硝子,ガラス・土石製品
5208,有沢製作所,化学
5214,日本電気硝子,ガラス・土石製品
5232,住友大阪セメント,ガラス・土石製品
5233,太平洋セメント,ガラス・土石製品
5261,リソルホールディングス,サービス業
5262,日本ヒューム,ガラス・土石製品
5269,日本コンクリート工業,ガラス・土石製品
5288,アジアパイルホールディングス,ガラス・土石製品
5301,東海カーボン,ガラス・土石製品
5302,日本カーボン,ガラス・土石製品
5310,東洋炭素,ガラス・土石製品
5331,ノリタケ,ガラス・土石製品
5332,TOTO,ガラス・土石製品
5333,日本碍子,ガラス・土石製品
5334,日本特殊陶業,ガラス・土石製品
5344,MARUWA,ガラス・土石製品
5351,品川リフラクトリーズ,ガラス・土石製品
5352,黒崎播磨,ガラス・土石製品
5357,ヨータイ,ガラス・土石製品
5384,フジミインコーポレーテッド,ガラス・土石製品
5393,ニチアス,ガラス・土石製品
5401,日本製鉄,鉄鋼
5406,神戸製鋼所,鉄鋼
5408,中山製鋼所,鉄鋼
5410,合同製鐵,鉄鋼
5411,JFEホールディングス,鉄鋼
5423,東京製鐵,鉄鋼
5440,共英製鋼,鉄鋼
5444,大和工業,鉄鋼
5445,東京鐵鋼,鉄鋼
5451,淀川製鋼所,鉄鋼
5461,中部鋼鈑,鉄鋼
5463,丸一鋼管,鉄鋼
5471,大同特殊鋼,鉄鋼
5480,日本冶金工業,鉄鋼
5481,山陽特殊製鋼,鉄鋼
5482,愛知製鋼,鉄鋼
5535,ミガロホールディングス,不動産業
5541,大平洋金属,鉄鋼
5563,新日本電工,鉄鋼
5602,栗本鐵工所,鉄鋼
5631,日本製鋼所,機械
5632,三菱製鋼,鉄鋼
5659,日本精線,鉄鋼
5698,エンビプロ・ホールディングス,鉄鋼
5702,大紀アルミニウム工業所,非鉄金属
5703,日本軽金属ホールディングス,非鉄金属
5706,三井金属鉱業,非鉄金属
5707,東邦亜鉛,非鉄金属
5711,三菱マテリアル,非鉄金属
5713,住友金属鉱山,非鉄金属
5714,DOWAホールディングス,非鉄金属
5715,古河機械金属,非鉄金属
5726,大阪チタニウムテクノロジーズ,非鉄金属
5727,東邦チタニウム,非鉄金属
5741,UACJ,非鉄金属
5757,CKサンエツ,非鉄金属
5801,古河電気工業,非鉄金属
5802,住友電気工業,非鉄金属
5803,フジクラ,非鉄金属
5805,SWCC,非鉄金属
5809,タツタ電線,非鉄金属
5821,平河ヒューテック,非鉄金属
5830,いよぎんホールディングス,銀行業
5831,しずおかフィナンシャルグループ,銀行業
5832,ちゅうぎんフィナンシャルグループ,銀行業
5838,楽天銀行,銀行業
5844,京都フィナンシャルグループ,銀行業
5851,リョービ,非鉄金属
5852,アーレスティ,非鉄金属
5857,アサヒホールディングス,非鉄金属
5901,東洋製罐グループホールディングス,金属製品
5902,ホッカンホールディングス,金属製品
5911,横河ブリッジホールディングス,金属製品
5915,駒井ハルテック,金属製品
5929,三和ホールディングス,金属製品
5930,文化シヤッター,金属製品
5932,三協立山,金属製品
5933,アルインコ,金属製品
5938,LIXIL,金属製品
5943,ノーリツ,金属製品
5946,長府製作所,金属製品
5947,リンナイ,金属製品
5949,ユニプレス,輸送用機器
5957,日東精工,金属製品
5959,岡部,金属製品
5970,ジーテクト,金属製品
5975,東プレ,金属製品
5976,高周波熱錬,金属製品
5981,東京製綱,金属製品
5988,パイオラックス,金属製品
5989,エイチワン,金属製品
5991,日本発條,金属製品
6005,三浦工業,機械
6013,タクマ,機械
6028,テクノプロ・ホールディングス,サービス業
6035,アイ・アール ジャパンホールディングス,サービス業
6036,KeePer技研,サービス業
6047,Gunosy,サービス業
6050,イー・ガーディアン,サービス業
6055,ジャパンマテリアル,サービス業
6058,ベクトル,サービス業
6062,チャーム・ケア・コーポレーション,サービス業
6070,キャリアリンク,サービス業
6071,IBJ,サービス業
6073,アサンテ,サービス業
6078,バリューHR,サービス業
6080,M&Aキャピタルパートナーズ,サービス業
6087,アビスト,サービス業
6088,シグマクシス・ホールディングス,サービス業
6089,ウィルグループ,サービス業
6095,メドピア,サービス業
6098,リクルートホールディングス,サービス業
6099,エラン,サービス業
6101,ツガミ,機械
6103,オークマ,機械
6104,芝浦機械,機械
6113,アマダ,機械
6118,アイダエンジニアリング,機械
6134,FUJI,機械
6135,牧野フライス製作所,機械
6136,オーエスジー,機械
6140,旭ダイヤモンド工業,機械
6141,DMG森精機,機械
6143,ソディック,機械
6146,ディスコ,機械
6151,日東工器,機械
6157,日進工具,機械
6167,冨士ダイス,機械
6178,日本郵政,サービス業
6183,ベルシステム24ホールディングス,サービス業
6184,鎌倉新書,サービス業
6191,エアトリ,サービス業
6194,アトラエ,サービス業
6196,ストライク,サービス業
6197,ソラスト,サービス業
6200,インソース,サービス業
6201,豊田自動織機,輸送用機器
6209,リケンNPR,機械
6222,島精機製作所,機械
6235,オプトラン,機械
6237,イワキポンプ,機械
6238,フリュー,機械
6240,ヤマシンフィルタ,機械
6247,日阪製作所,機械
6250,やまびこ,機械
6254,野村マイクロ・サイエンス,機械
6258,平田機工,機械
6262,PEGASUS,機械
6264,マルマエ,機械
6266,タツモ,機械
6268,ナブテスコ,機械
6269,三井海洋開発,機械
6272,レオン自動機,機械
6273,SMC,機械
6277,ホソカワミクロン,機械
6278,ユニオンツール,機械
6279,瑞光,機械
6282,オイレス工業,機械
6284,日精エー・エス・ビー機械,機械
6287,サトーホールディングス,機械
6289,技研製作所,機械
6293,日精樹脂工業,機械
6294,オカダアイヨン,機械
6298,ワイエイシイホールディングス,機械
6301,小松製作所,機械
6302,住友重機械工業,機械
6305,日立建機,機械
6306,日工,機械
6309,巴工業,機械
6310,井関農機,機械
6315,TOWA,機械
6323,ローツェ,機械
6326,クボタ,機械
6328,荏原実業,機械
6330,東洋エンジニアリング,建設業
6331,三菱化工機,機械
6332,月島ホールディングス,機械
6333,帝国電機製作所,機械
6339,新東工業,機械
6340,澁谷工業,機械
6345,アイチコーポレーション,機械
6349,小森コーポレーション,機械
6351,鶴見製作所,機械
6358,酒井重工業,機械
6361,荏原製作所,機械
6363,酉島製作所,機械
6364,北越工業,機械
6367,ダイキン工業,機械
6368,オルガノ,機械
6369,トーヨーカネツ,機械
6370,栗田工業,機械
6371,椿本チエイン,機械
6376,日機装,精密機器
6379,レイズネクスト,建設業
6381,アネスト岩田,機械
6383,ダイフク,機械
6387,サムコ,機械
6390,加藤製作所,機械
6395,タダノ,機械
6406,フジテック,機械
6407,CKD,機械
6412,平和,機械
6413,理想科学工業,機械
6417,SANKYO,機械
6418,日本金銭機械,機械
6419,マースグループホールディングス,機械
6420,フクシマガリレイ,機械
6430,ダイコク電機,機械
6432,竹内製作所,機械
6436,アマノ,機械
6440,JUKI,機械
6445,ジャノメ,機械
6448,ブラザー工業,電気機器
6454,マックス,機械
6455,モリタホールディングス,輸送用機器
6457,グローリー,機械
6458,新晃工業,機械
6459,大和冷機工業,機械
6460,セガサミーホールディングス,機械
6463,TPR,機械
6464,ツバキ・ナカシマ,機械
6465,ホシザキ,機械
6471,日本精工,機械
6472,NTN,機械
6473,ジェイテクト,機械
6474,不二越,機械
6479,ミネベアミツミ,電気機器
6480,日本トムソン,機械
6481,THK,機械
6486,イーグル工業,機械
6490,PILLAR,機械
6498,キッツ,機械
6501,日立製作所,電気機器
6503,三菱電機,電気機器
6504,富士電機,電気機器
6506,安川電機,電気機器
6507,シンフォニアテクノロジー,電気機器
6508,明電舎,電気機器
6516,山洋電気,電気機器
6517,デンヨー,電気機器
6523,PHCホールディングス,電気機器
6525,KOKUSAI ELECTRIC,電気機器
6526,ソシオネクスト,電気機器
6532,ベイカレント,サービス業
6533,Orchestra Holdings,サービス業
6535,アイモバイル,サービス業
6539,MS-Japan,サービス業
6544,ジャパンエレベーターサービスホールディングス,サービス業
6560,エル・ティー・エス,サービス業
6564,ミダックホールディングス,サービス業
6571,キュービーネットホールディングス,サービス業
6572,オープングループ,サービス業
6584,三櫻工業,輸送用機器
6586,マキタ,機械
6588,東芝テック,電気機器
6590,芝浦メカトロニクス,電気機器
6592,マブチモーター,電気機器
6594,ニデック,電気機器
6615,ユー・エム・シー・エレクトロニクス,電気機器
6616,トレックス・セミコンダクター,電気機器
6617,東光高岳,電気機器
6619,ダブル・スコープ,電気機器
6620,宮越ホールディングス,不動産業
6622,ダイヘン,電気機器
6630,ヤーマン,電気機器
6632,JVCケンウッド,電気機器
6638,ミマキエンジニアリング,電気機器
6640,I-PEX,電気機器
6644,大崎電気工業,電気機器
6645,オムロン,電気機器
6651,日東工業,電気機器
6652,IDEC,電気機器
6653,正興電機製作所,電気機器
6674,ジーエス・ユアサ コーポレーション,電気機器
6699,ダイヤモンドエレクトリックホールディングス,電気機器
6701,日本電気,電気機器
6702,富士通,電気機器
6703,沖電気工業,電気機器
6706,電気興業,電気機器
6707,サンケン電気,電気機器
6718,アイホン,電気機器
6723,ルネサスエレクトロニクス,電気機器
6724,セイコーエプソン,電気機器
6727,ワコム,電気機器
6728,アルバック,電気機器
6737,EIZO,電気機器
6740,ジャパンディスプレイ,電気機器
6741,日本信号,電気機器
6742,京三製作所,電気機器
6744,能美防災,電気機器
6745,ホーチキ,電気機器
6750,エレコム,電気機器
6752,パナソニックホールディングス,電気機器
6753,シャープ,電気機器
6754,アンリツ,電気機器
6755,富士通ゼネラル,電気機器
6758,ソニーグループ,電気機器
6762,TDK,電気機器
6763,帝国通信工業,電気機器
6768,タムラ製作所,電気機器
6770,アルプスアルパイン,電気機器
6779,日本電波工業,電気機器
6785,鈴木,電気機器
6787,メイコー,電気機器
6788,日本トリム,電気機器
6794,フォスター電機,電気機器
6798,SMK,電気機器
6800,ヨコオ,電気機器
6804,ホシデン,電気機器
6806,ヒロセ電機,電気機器
6807,日本航空電子工業,電気機器
6809,TOA,電気機器
6810,マクセル,電気機器
6814,古野電気,電気機器
6817,スミダコーポレーション,電気機器
6820,アイコム,電気機器
6823,リオン,電気機器
6841,横河電機,電気機器
6844,新電元工業,電気機器
6845,アズビル,電気機器
6849,日本光電工業,電気機器
6850,チノー,電気機器
6856,堀場製作所,電気機器
6857,アドバンテスト,電気機器
6859,エスペック,電気機器
6861,キーエンス,電気機器
6866,日置電機,電気機器
6869,シスメックス,電気機器
6871,日本マイクロニクス,電気機器
6875,メガチップス,電気機器
6879,IMAGICA GROUP,情報・通信業
6902,デンソー,輸送用機器
6905,コーセル,電気機器
6908,イリソ電子工業,電気機器
6914,オプテックスグループ,電気機器
6920,レーザーテック,電気機器
6923,スタンレー電気,電気機器
6925,ウシオ電機,電気機器
6928,エノモト,電気機器
6929,日本セラミック,電気機器
6937,古河電池,電気機器
6941,山一電機,電気機器
6947,図研,電気機器
6951,日本電子,電気機器
6952,カシオ計算機,電気機器
6954,ファナック,電気機器
6958,日本シイエムケイ,電気機器
6961,エンプラス,電気機器
6962,大真空,電気機器
6963,ローム,電気機器
6965,浜松ホトニクス,電気機器
6966,三井ハイテック,電気機器
6967,新光電気工業,電気機器
6971,京セラ,電気機器
6976,太陽誘電,電気機器
6981,村田製作所,電気機器
6986,双葉電子工業,電気機器
6988,日東電工,化学
6995,東海理化電機製作所,輸送用機器
6996,ニチコン,電気機器
6997,日本ケミコン,電気機器
6999,KOA,電気機器
7003,三井E&S,機械
7004,日立造船,機械
7011,三菱重工業,機械
7012,川崎重工業,輸送用機器
7013,IHI,機械
7033,マネジメントソリューションズ,サービス業
7034,プロレド・パートナーズ,サービス業
7038,フロンティア・マネジメント,サービス業
7059,コプロ・ホールディングス,サービス業
7071,アンビスホールディングス,サービス業
7085,カーブスホールディングス,サービス業
7088,フォーラムエンジニアリング,サービス業
7092,Fast Fitness Japan,サービス業
7095,Macbee Planet,サービス業
7102,日本車輌製造,輸送用機器
7128,フルサト・マルカホールディングス,卸売業
7130,ヤマエグループホールディングス,卸売業
7148,FPG,証券、商品先物取引業
7164,全国保証,その他金融業
7167,めぶきフィナンシャルグループ,銀行業
7172,ジャパンインベストメントアドバイザー,証券、商品先物取引業
7173,東京きらぼしフィナンシャルグループ,銀行業
7180,九州フィナンシャルグループ,銀行業
7181,かんぽ生命保険,保険業
7182,ゆうちょ銀行,銀行業
7184,富山第一銀行,銀行業
7186,コンコルディア・フィナンシャルグループ,銀行業
7187,ジェイリース,その他金融業
7189,西日本フィナンシャルホールディングス,銀行業
7198,アルヒ,その他金融業
7199,プレミアグループ,その他金融業
7201,日産自動車,輸送用機器
7202,いすゞ自動車,輸送用機器
7203,トヨタ自動車,輸送用機器
7205,日野自動車,輸送用機器
7211,三菱自動車工業,輸送用機器
7220,武蔵精密工業,輸送用機器
7224,新明和工業,輸送用機器
7226,極東開発工業,輸送用機器
7231,トピー工業,輸送用機器
7236,ティラド,輸送用機器
7238,曙ブレーキ工業,輸送用機器
7239,タチエス,輸送用機器
7240,NOK,輸送用機器
7241,フタバ産業,輸送用機器
7242,カヤバ,輸送用機器
7244,市光工業,電気機器
7245,大同メタル工業,輸送用機器
7246,プレス工業,輸送用機器
7250,太平洋工業,輸送用機器
7259,アイシン,輸送用機器
7261,マツダ,輸送用機器
7267,本田技研工業,輸送用機器
7269,スズキ,輸送用機器
7270,SUBARU,輸送用機器
7272,ヤマハ発動機,輸送用機器
7276,小糸製作所,電気機器
7278,エクセディ,輸送用機器
7280,ミツバ,電気機器
7282,豊田合成,輸送用機器
7283,愛三工業,輸送用機器
7294,ヨロズ,輸送用機器
7296,エフ・シー・シー,輸送用機器
7309,シマノ,輸送用機器
7313,テイ・エス テック,輸送用機器
7322,三十三フィナンシャルグループ,銀行業
7327,第四北越フィナンシャルグループ,銀行業
7337,ひろぎんホールディングス,銀行業
7347,マーキュリアホールディングス,証券、商品先物取引業
7350,おきなわフィナンシャルグループ,銀行業
7354,ダイレクトマーケティングミックス,サービス業
7366,LITALICO,サービス業
7380,十六フィナンシャルグループ,銀行業
7381,北國フィナンシャルホールディングス,銀行業
7383,ネットプロテクションズホールディングス,その他金融業
7384,プロクレアホールディングス,銀行業
7388,FPパートナー,保険業
7389,あいちフィナンシャルグループ,銀行業
7408,ジャムコ,輸送用機器
7414,小野建,卸売業
7419,ノジマ,小売業
7420,佐鳥電機,卸売業
7421,カッパ・クリエイト,小売業
7433,伯東,卸売業
7438,コンドーテック,卸売業
7447,ナガイレーベン,卸売業
7453,良品計画,小売業
7456,松田産業,卸売業
7458,第一興商,卸売業
7459,メディパルホールディングス,卸売業
7466,SPK,卸売業
7467,萩原電気ホールディングス,卸売業
7475,アルビス,小売業
7476,アズワン,卸売業
7482,シモジマ,卸売業
7483,ドウシシャ,卸売業
7504,高速,卸売業
7508,G-7ホールディングス,小売業
7510,たけびし,卸売業
7513,コジマ,小売業
7516,コーナン商事,小売業
7518,ネットワンシステムズ,情報・通信業
7520,エコス,小売業
7522,ワタミ,小売業
7525,リックス,卸売業
7532,"パン・パシフィック・
インターナショナルホールディングス",小売業
7537,丸文,卸売業
7545,西松屋チェーン,小売業
7550,ゼンショーホールディングス,小売業
7552,ハピネット,卸売業
7554,幸楽苑ホールディングス,小売業
7575,日本ライフライン,卸売業
7581,サイゼリヤ,小売業
7590,タカショー,卸売業
7593,VTホールディングス,小売業
7595,アルゴグラフィックス,情報・通信業
7596,魚力,小売業
7599,IDOM,卸売業
7600,日本エム・ディ・エム,精密機器
7605,フジ・コーポレーション,小売業
7606,ユナイテッドアローズ,小売業
7607,進和,卸売業
7609,ダイトロン,卸売業
7611,ハイデイ日高,小売業
7613,シークス,卸売業
7616,コロワイド,小売業
7628,オーハシテクニカ,卸売業
7630,壱番屋,小売業
7637,白銅,卸売業
7649,スギホールディングス,小売業
7679,薬王堂ホールディングス,小売業
7701,島津製作所,精密機器
7715,長野計器,精密機器
7717,ブイ・テクノロジー,精密機器
7718,スター精密,機械
7721,東京計器,精密機器
7723,愛知時計電機,精密機器
7725,インターアクション,精密機器
7729,東京精密,精密機器
7730,マニー,精密機器
7731,ニコン,精密機器
7732,トプコン,精密機器
7733,オリンパス,精密機器
7734,理研計器,精密機器
7735,SCREENホールディングス,電気機器
7739,キヤノン電子,電気機器
7740,タムロン,精密機器
7741,HOYA,精密機器
7743,シード,精密機器
7744,ノーリツ鋼機,精密機器
7745,A&Dホロンホールディングス,精密機器
7747,朝日インテック,精密機器
7751,キヤノン,電気機器
7752,リコー,電気機器
7762,シチズン時計,精密機器
7769,リズム,精密機器
7780,メニコン,精密機器
7817,パラマウントベッドホールディングス,その他製品
7818,トランザクション,その他製品
7820,ニホンフラッシュ,その他製品
7821,前田工繊,その他製品
7826,フルヤ金属,その他製品
7832,バンダイナムコホールディングス,その他製品
7839,SHOEI,その他製品
7840,フランスベッドホールディングス,その他製品
7844,マーベラス,情報・通信業
7846,パイロットコーポレーション,その他製品
7856,萩原工業,その他製品
7860,エイベックス,情報・通信業
7864,フジシールインターナショナル,その他製品
7867,タカラトミー,その他製品
7868,広済堂ホールディングス,その他製品
7874,レック,化学
7888,三光合成,化学
7893,プロネクサス,その他製品
7911,TOPPANホールディングス,その他製品
7912,大日本印刷,その他製品
7914,共同印刷,その他製品
7915,NISSHA,その他製品
7917,ZACROS,化学
7921,TAKARA & COMPANY,その他製品
7925,前澤化成工業,化学
7931,未来工業,化学
7936,アシックス,その他製品
7942,JSP,化学
7943,ニチハ,ガラス・土石製品
7944,ローランド,その他製品
7947,エフピコ,化学
7949,小松ウオール工業,その他製品
7951,ヤマハ,その他製品
7952,河合楽器製作所,その他製品
7955,クリナップ,その他製品
7956,ピジョン,その他製品
7958,天馬,化学
7962,キングジム,その他製品
7965,象印マホービン,電気機器
7966,リンテック,その他製品
7970,信越ポリマー,化学
7972,イトーキ,その他製品
7974,任天堂,その他製品
7976,三菱鉛筆,その他製品
7979,松風,精密機器
7981,タカラスタンダード,その他製品
7984,コクヨ,その他製品
7988,ニフコ,化学
7989,立川ブラインド工業,金属製品
7990,グローブライド,その他製品
7994,オカムラ,その他製品
7995,バルカー,化学
8001,伊藤忠商事,卸売業
8002,丸紅,卸売業
8005,スクロール,小売業
8007,高島,卸売業
8008,ヨンドシーホールディングス,小売業
8011,三陽商会,繊維製品
8012,長瀬産業,卸売業
8014,蝶理,卸売業
8015,豊田通商,卸売業
8016,オンワードホールディングス,繊維製品
8020,兼松,卸売業
8022,美津濃,その他製品
8031,三井物産,卸売業
8032,日本紙パルプ商事,卸売業
8035,東京エレクトロン,電気機器
8037,カメイ,卸売業
8043,スターゼン,卸売業
8050,セイコーグループ,精密機器
8051,山善,卸売業
8052,椿本興業,卸売業
8053,住友商事,卸売業
8056,BIPROGY,情報・通信業
8057,内田洋行,卸売業
8058,三菱商事,卸売業
8059,第一実業,卸売業
8060,キヤノンマーケティングジャパン,卸売業
8061,西華産業,卸売業
8065,佐藤商事,卸売業
8070,東京産業,卸売業
8074,ユアサ商事,卸売業
8075,神鋼商事,卸売業
8078,阪和興業,卸売業
8079,正栄食品工業,卸売業
8081,カナデン,卸売業
8084,菱電商事,卸売業
8086,ニプロ,精密機器
8088,岩谷産業,卸売業
8091,ニチモウ,卸売業
8093,極東貿易,卸売業
8095,アステナホールディングス,卸売業
8097,三愛オブリ,卸売業
8098,稲畑産業,卸売業
8101,GSIクレオス,卸売業
8103,明和産業,卸売業
8111,ゴールドウイン,繊維製品
8113,ユニ・チャーム,化学
8114,デサント,繊維製品
8125,ワキタ,卸売業
8129,東邦ホールディングス,卸売業
8130,サンゲツ,卸売業
8132,シナネンホールディングス,卸売業
8133,伊藤忠エネクス,卸売業
8136,サンリオ,卸売業
8137,サンワテクノス,卸売業
8141,新光商事,卸売業
8142,トーホー,卸売業
8150,三信電気,卸売業
8151,東陽テクニカ,卸売業
8153,モスフードサービス,卸売業
8154,加賀電子,卸売業
8155,三益半導体工業,金属製品
8157,都築電気,情報・通信業
8158,ソーダニッカ,卸売業
8159,立花エレテック,卸売業
8160,木曽路,小売業
8163,SRSホールディングス,小売業
8167,リテールパートナーズ,小売業
8173,上新電機,小売業
8174,日本瓦斯,小売業
8179,ロイヤルホールディングス,小売業
8182,いなげや,小売業
8185,チヨダ,小売業
8194,ライフコーポレーション,小売業
8200,リンガーハット,小売業
8203,MrMaxHD,小売業
8214,AOKIホールディングス,小売業
8217,オークワ,小売業
8218,コメリ,小売業
8219,青山商事,小売業
8227,しまむら,小売業
8233,高島屋,小売業
8237,松屋,小売業
8242,エイチ・ツー・オー リテイリング,小売業
8252,丸井グループ,小売業
8253,クレディセゾン,その他金融業
8255,アクシアル リテイリング,小売業
8267,イオン,小売業
8273,イズミ,小売業
8276,平和堂,小売業
8278,フジ,小売業
8279,ヤオコー,小売業
8281,ゼビオホールディングス,小売業
8282,ケーズホールディングス,小売業
8283,PALTAC,卸売業
8304,あおぞら銀行,銀行業
8306,三菱UFJフィナンシャル・グループ,銀行業
8308,りそなホールディングス,銀行業
8309,三井住友トラスト・ホールディングス,銀行業
8316,三井住友フィナンシャルグループ,銀行業
8331,千葉銀行,銀行業
8334,群馬銀行,銀行業
8336,武蔵野銀行,銀行業
8337,千葉興業銀行,銀行業
8338,筑波銀行,銀行業
8341,七十七銀行,銀行業
8343,秋田銀行,銀行業
8344,山形銀行,銀行業
8345,岩手銀行,銀行業
8346,東邦銀行,銀行業
8354,ふくおかフィナンシャルグループ,銀行業
8358,スルガ銀行,銀行業
8359,八十二銀行,銀行業
8360,山梨中央銀行,銀行業
8361,大垣共立銀行,銀行業
8362,福井銀行,銀行業
8364,清水銀行,銀行業
8366,滋賀銀行,銀行業
8367,南都銀行,銀行業
8368,百五銀行,銀行業
8370,紀陽銀行,銀行業
8377,ほくほくフィナンシャルグループ,銀行業
8381,山陰合同銀行,銀行業
8386,百十四銀行,銀行業
8387,四国銀行,銀行業
8388,阿波銀行,銀行業
8392,大分銀行,銀行業
8393,宮崎銀行,銀行業
8395,佐賀銀行,銀行業
8399,琉球銀行,銀行業
8410,セブン銀行,銀行業
8411,みずほフィナンシャルグループ,銀行業
8418,山口フィナンシャルグループ,銀行業
8424,芙蓉総合リース,その他金融業
8425,みずほリース,その他金融業
8439,東京センチュリー,その他金融業
8473,SBIホールディングス,証券、商品先物取引業
8511,日本証券金融,その他金融業
8515,アイフル,その他金融業
8522,名古屋銀行,銀行業
8524,北洋銀行,銀行業
8541,愛媛銀行,銀行業
8544,京葉銀行,銀行業
8550,栃木銀行,銀行業
8551,北日本銀行,銀行業
8558,東和銀行,銀行業
8566,リコーリース,その他金融業
8570,イオンフィナンシャルサービス,その他金融業
8584,ジャックス,その他金融業
8585,オリエントコーポレーション,その他金融業
8591,オリックス,その他金融業
8593,三菱HCキャピタル,その他金融業
8595,ジャフコ グループ,証券、商品先物取引業
8600,トモニホールディングス,銀行業
8601,大和証券グループ本社,証券、商品先物取引業
8604,野村ホールディングス,証券、商品先物取引業
8609,岡三証券グループ,証券、商品先物取引業
8613,丸三証券,証券、商品先物取引業
8614,東洋証券,証券、商品先物取引業
8616,東海東京フィナンシャル・ホールディングス,証券、商品先物取引業
8622,水戸証券,証券、商品先物取引業
8624,いちよし証券,証券、商品先物取引業
8628,松井証券,証券、商品先物取引業
8630,SOMPOホールディングス,保険業
8697,日本取引所グループ,その他金融業
8698,マネックスグループ,証券、商品先物取引業
8706,極東証券,証券、商品先物取引業
8707,岩井コスモホールディングス,証券、商品先物取引業
8708,アイザワ証券グループ,証券、商品先物取引業
8713,フィデアホールディングス,銀行業
8714,池田泉州ホールディングス,銀行業
8715,アニコム ホールディングス,保険業
8725,"MS&ADインシュアランス
グループホールディングス",保険業
8739,スパークス・グループ,証券、商品先物取引業
8750,第一生命ホールディングス,保険業
8766,東京海上ホールディングス,保険業
8771,イー・ギャランティ,その他金融業
8793,NECキャピタルソリューション,その他金融業
8795,T&Dホールディングス,保険業
8798,アドバンスクリエイト,保険業
8801,三井不動産,不動産業
8802,三菱地所,不動産業
8803,平和不動産,不動産業
8804,東京建物,不動産業
8818,京阪神ビルディング,不動産業
8830,住友不動産,不動産業
8848,レオパレス21,不動産業
8850,スターツコーポレーション,不動産業
8860,フジ住宅,不動産業
8864,空港施設,不動産業
8876,リログループ,サービス業
8877,エスリード,不動産業
8881,日神グループホールディングス,不動産業
8892,日本エスコン,不動産業
8897,MIRARTHホールディングス,不動産業
8905,イオンモール,不動産業
8919,カチタス,不動産業
8923,トーセイ,不動産業
8934,サンフロンティア不動産,不動産業
8935,FJネクストホールディングス,不動産業
8999,グランディハウス,不動産業
9001,東武鉄道,陸運業
9003,相鉄ホールディングス,陸運業
9005,東急,陸運業
9006,京浜急行電鉄,陸運業
9007,小田急電鉄,陸運業
9008,京王電鉄,陸運業
9009,京成電鉄,陸運業
9010,富士急行,陸運業
9020,東日本旅客鉄道,陸運業
9021,西日本旅客鉄道,陸運業
9022,東海旅客鉄道,陸運業
9024,西武ホールディングス,陸運業
9025,鴻池運輸,陸運業
9031,西日本鉄道,陸運業
9037,ハマキョウレックス,陸運業
9039,サカイ引越センター,陸運業
9041,近鉄グループホールディングス,陸運業
9042,阪急阪神ホールディングス,陸運業
9044,南海電気鉄道,陸運業
9045,京阪ホールディングス,陸運業
9046,神戸電鉄,陸運業
9048,名古屋鉄道,陸運業
9052,山陽電気鉄道,陸運業
9055,アルプス物流,陸運業
9058,トランコム,倉庫・運輸関連業
9064,ヤマトホールディングス,陸運業
9065,山九,陸運業
9066,日新,倉庫・運輸関連業
9068,丸全昭和運輸,陸運業
9069,センコーグループホールディングス,陸運業
9070,トナミホールディングス,陸運業
9072,ニッコンホールディングス,陸運業
9075,福山通運,陸運業
9076,セイノーホールディングス,陸運業
9081,神奈川中央交通,陸運業
9090,AZ-COM丸和ホールディングス,陸運業
9101,日本郵船,海運業
9104,商船三井,海運業
9107,川崎汽船,海運業
9110,NSユナイテッド海運,海運業
9119,飯野海運,海運業
9142,九州旅客鉄道,陸運業
9143,SGホールディングス,陸運業
9147,NIPPON EXPRESSホールディングス,陸運業
9161,ID&Eホールディングス,サービス業
9201,日本航空,空運業
9202,ANAホールディングス,空運業
9216,ビーウィズ,サービス業
9229,サンウェルズ,サービス業
9247,TREホールディングス,サービス業
9248,人・夢・技術グループ,サービス業
9260,西本Wismettacホールディングス,卸売業
9267,Genky DrugStores,小売業
9273,コーア商事ホールディングス,卸売業
9274,KPPグループホールディングス,卸売業
9278,ブックオフグループホールディングス,小売業
9279,ギフトホールディングス,小売業
9301,三菱倉庫,倉庫・運輸関連業
9302,三井倉庫ホールディングス,倉庫・運輸関連業
9303,住友倉庫,倉庫・運輸関連業
9304,澁澤倉庫,倉庫・運輸関連業
9305,ヤマタネ,卸売業
9310,日本トランスシティ,倉庫・運輸関連業
9319,中央倉庫,倉庫・運輸関連業
9324,安田倉庫,倉庫・運輸関連業
9332,NISSOホールディングス,サービス業
9336,大栄環境,サービス業
9341,GENOVA,サービス業
9347,日本管財ホールディングス,サービス業
9364,上組,倉庫・運輸関連業
9381,エーアイテイー,倉庫・運輸関連業
9384,内外トランスライン,倉庫・運輸関連業
9386,日本コンセプト,倉庫・運輸関連業
9401,TBSホールディングス,情報・通信業
9404,日本テレビホールディングス,情報・通信業
9405,朝日放送グループホールディングス,情報・通信業
9409,テレビ朝日ホールディングス,情報・通信業
9412,スカパーJSATホールディングス,情報・通信業
9413,テレビ東京ホールディングス,情報・通信業
9416,ビジョン,情報・通信業
9418,U-NEXT HOLDINGS,情報・通信業
9422,コネクシオ,情報・通信業
9424,日本通信,情報・通信業
9432,日本電信電話,情報・通信業
9433,KDDI,情報・通信業
9434,ソフトバンク,情報・通信業
9435,光通信,情報・通信業
9438,エムティーアイ,情報・通信業
9449,GMOインターネットグループ,情報・通信業
9450,ファイバーゲート,情報・通信業
9468,KADOKAWA,情報・通信業
9470,学研ホールディングス,情報・通信業
9474,ゼンリン,情報・通信業
9501,東京電力ホールディングス,電気・ガス業
9502,中部電力,電気・ガス業
9503,関西電力,電気・ガス業
9504,中国電力,電気・ガス業
9505,北陸電力,電気・ガス業
9506,東北電力,電気・ガス業
9507,四国電力,電気・ガス業
9508,九州電力,電気・ガス業
9509,北海道電力,電気・ガス業
9511,沖縄電力,電気・ガス業
9513,電源開発,電気・ガス業
9517,イーレックス,電気・ガス業
9519,レノバ,電気・ガス業
9531,東京瓦斯,電気・ガス業
9532,大阪瓦斯,電気・ガス業
9533,東邦瓦斯,電気・ガス業
9534,北海道瓦斯,電気・ガス業
9535,広島ガス,電気・ガス業
9536,西部ガスホールディングス,電気・ガス業
9543,静岡ガス,電気・ガス業
9551,メタウォーター,電気・ガス業
9552,M&A総合研究所ホールディングス,サービス業
9600,アイネット,情報・通信業
9601,松竹,情報・通信業
9602,東宝,情報・通信業
9603,エイチ・アイ・エス,サービス業
9605,東映,情報・通信業
9612,ラックランド,サービス業
9613,NTTデータグループ,情報・通信業
9616,共立メンテナンス,サービス業
9619,イチネンホールディングス,サービス業
9621,建設技術研究所,サービス業
9622,スペース,サービス業
9627,アインホールディングス,小売業
9628,燦ホールディングス,サービス業
9629,ピー・シー・エー,情報・通信業
9644,タナベコンサルティンググループ,サービス業
9658,ビジネスブレイン太田昭和,情報・通信業
9663,ナガワ,サービス業
9672,東京都競馬,サービス業
9678,カナモト,サービス業
9682,DTS,情報・通信業
9684,スクウェア・エニックス・ホールディングス,情報・通信業
9692,シーイーシー,情報・通信業
9697,カプコン,情報・通信業
9699,ニシオホールディングス,サービス業
9702,アイ・エス・ビー,情報・通信業
9706,日本空港ビルデング,不動産業
9715,トランス・コスモス,サービス業
9716,乃村工藝社,サービス業
9719,SCSK,情報・通信業
9722,藤田観光,サービス業
9729,トーカイ,サービス業
9735,セコム,サービス業
9739,NSW,情報・通信業
9740,セントラル警備保障,サービス業
9742,アイネス,情報・通信業
9743,丹青社,サービス業
9744,メイテックグループホールディングス,サービス業
9746,TKC,情報・通信業
9749,富士ソフト,情報・通信業
9755,応用地質,サービス業
9757,船井総研ホールディングス,サービス業
9759,NSD,情報・通信業
9765,オオバ,サービス業
9766,コナミグループ,情報・通信業
9769,学究社,サービス業
9787,イオンディライト,サービス業
9788,ナック,サービス業
9790,福井コンピュータホールディングス,情報・通信業
9793,ダイセキ,サービス業
9795,ステップ,サービス業
9824,泉州電業,卸売業
9830,トラスコ中山,卸売業
9831,ヤマダホールディングス,小売業
9832,オートバックスセブン,卸売業
9837,モリト,卸売業
9842,アークランズ,小売業
9843,ニトリホールディングス,小売業
9850,グルメ杵屋,小売業
9861,吉野家ホールディングス,小売業
9869,加藤産業,卸売業
9880,イノテック,電気機器
9882,イエローハット,卸売業
9887,松屋フーズホールディングス,小売業
9889,JBCCホールディングス,情報・通信業
9900,サガミホールディングス,小売業
9902,日伝,卸売業
9928,ミロク情報サービス,情報・通信業
9932,杉本商事,卸売業
9934,因幡電機産業,卸売業
9936,王将フードサービス,小売業
9946,ミニストップ,小売業
9948,アークス,小売業
9956,バローホールディングス,小売業
9960,東テク,卸売業
9962,ミスミグループ本社,卸売業
9974,ベルク,小売業
9983,ファーストリテイリング,小売業
9984,ソフトバンクグループ,情報・通信業
9987,スズケン,卸売業
9989,サンドラッグ,小売業
9990,サックスバー ホールディングス,小売業
9991,ジェコス,卸売業
9997,ベルーナ,小売業
167A,リョーサン菱洋ホールディングス,卸売業
187A,サムティホールディングス,不動産業
256A,飛島ホールディングス,建設業
262A,インターメスティック,小売業